Koda izdelka,Koda modula,Slovenski naziv,Angle≈°ki naziv,Koda,Tampo koda
IZ59.C513,IZ59.C575,TSD-T2-75-1+0 - TAMPOTISK,TSD-T2-75-1+0 - TAMPOPRINT,59.C513,59C.513.101
IZ59.C514,IZ59.C575,TSD-T2-75-1+0-R - TAMPOTISK,TSD-T2-75-1+0-R - TAMPOPRINT,59.C514,59C.514.101
IZ59.C515,IZ59.C576,TSD-T2-150-1+0 - TAMPOTISK,TSD-T2-150-1+0 - TAMPOPRINT,59.C515,59C.515.101
IZ59.C516,IZ59.C576,TSD-T2-150-1+0-R - TAMPOTISK,TSD-T2-150-1+0-R - TAMPOPRINT,59.C516,59C.516.101
IZ59.C517,IZ59.C577,TSD-T2-300-1+0 - TAMPOTISK,TSD-T2-300-1+0 - TAMPOPRINT,59.C517,59C.517.101
IZ59.C518,IZ59.C577,TSD-T2-300-1+0-R - TAMPOTISK,TSD-T2-300-1+0-R - TAMPOPRINT,59.C518,59C.518.101
IZ59.C519,IZ59.C578,TSD-T2-350-1+0 - TAMPOTISK,TSD-T2-350-1+0 - TAMPOPRINT,59.C519,59C.519.101
IZ59.C520,IZ59.C578,TSD-T2-350-1+0-R - TAMPOTISK,TSD-T2-350-1+0-R - TAMPOPRINT,59.C520,59C.520.101
IZ59.C521,IZ59.C579,TSD-T2-480-1+0 - TAMPOTISK,TSD-T2-480-1+0 - TAMPOPRINT,59.C521,59C.521.101
IZ59.C522,IZ59.C579,TSD-T2-480-1+0-R - TAMPOTISK,TSD-T2-480-1+0-R - TAMPOPRINT,59.C522,59C.522.101
IZ59.C523,IZ59.C580,TSD-T2-550-1+0 - TAMPOTISK,TSD-T2-550-1+0 - TAMPOPRINT,59.C523,59C.523.101
IZ59.C524,IZ59.C580,TSD-T2-550-1+0-R - TAMPOTISK,TSD-T2-550-1+0-R - TAMPOPRINT,59.C524,59C.524.101
IZ59.C525,IZ59.C581,TSD-T2-750-1+0 - TAMPOTISK,TSD-T2-750-1+0 - TAMPOPRINT,59.C525,59C.525.101
IZ59.C526,IZ59.C581,TSD-T2-750-1+0-R - TAMPOTISK,TSD-T2-750-1+0-R - TAMPOPRINT,59.C526,59C.526.101
IZ59.C527,IZ59.C575,TSD-T2-75-2+0 - TAMPOTISK,TSD-T2-75-2+0 - TAMPOPRINT,59.C527,59C.527.101
IZ59.C528,IZ59.C575,TSD-T2-75-2+0-R - TAMPOTISK,TSD-T2-75-2+0-R - TAMPOPRINT,59.C528,59C.528.101
IZ59.C529,IZ59.C576,TSD-T2-150-2+0 - TAMPOTISK,TSD-T2-150-2+0 - TAMPOPRINT,59.C529,59C.529.101
IZ59.C530,IZ59.C576,TSD-T2-150-2+0-R - TAMPOTISK,TSD-T2-150-2+0-R - TAMPOPRINT,59.C530,59C.530.101
IZ59.C531,IZ59.C577,TSD-T2-300-2+0 - TAMPOTISK,TSD-T2-300-2+0 - TAMPOPRINT,59.C531,59C.531.101
IZ59.C532,IZ59.C577,TSD-T2-300-2+0-R - TAMPOTISK,TSD-T2-300-2+0-R - TAMPOPRINT,59.C532,59C.532.101
IZ59.C533,IZ59.C578,TSD-T2-350-2+0 - TAMPOTISK,TSD-T2-350-2+0 - TAMPOPRINT,59.C533,59C.533.101
IZ59.C534,IZ59.C578,TSD-T2-350-2+0-R - TAMPOTISK,TSD-T2-350-2+0-R - TAMPOPRINT,59.C534,59C.534.101
IZ59.C535,IZ59.C579,TSD-T2-480-2+0 - TAMPOTISK,TSD-T2-480-2+0 - TAMPOPRINT,59.C535,59C.535.101
IZ59.C536,IZ59.C579,TSD-T2-480-2+0-R - TAMPOTISK,TSD-T2-480-2+0-R - TAMPOPRINT,59.C536,59C.536.101
IZ59.C537,IZ59.C580,TSD-T2-550-2+0 - TAMPOTISK,TSD-T2-550-2+0 - TAMPOPRINT,59.C537,59C.537.101
IZ59.C538,IZ59.C580,TSD-T2-550-2+0-R - TAMPOTISK,TSD-T2-550-2+0-R - TAMPOPRINT,59.C538,59C.538.101
IZ59.C539,IZ59.C581,TSD-T2-750-2+0 - TAMPOTISK,TSD-T2-750-2+0 - TAMPOPRINT,59.C539,59C.539.101
IZ59.C540,IZ59.C581,TSD-T2-750-2+0-R - TAMPOTISK,TSD-T2-750-2+0-R - TAMPOPRINT,59.C540,59C.540.101
IZ59.C541,IZ59.C576,TSD-T2-150-3+0 - TAMPOTISK,TSD-T2-150-3+0 - TAMPOPRINT,59.C541,59C.541.101
IZ59.C542,IZ59.C576,TSD-T2-150-3+0-R - TAMPOTISK,TSD-T2-150-3+0-R - TAMPOPRINT,59.C542,59C.542.101
IZ59.C543,IZ59.C577,TSD-T2-300-3+0 - TAMPOTISK,TSD-T2-300-3+0 - TAMPOPRINT,59.C543,59C.543.101
IZ59.C544,IZ59.C577,TSD-T2-300-3+0-R - TAMPOTISK,TSD-T2-300-3+0-R - TAMPOPRINT,59.C544,59C.544.101
IZ59.C545,IZ59.C578,TSD-T2-350-3+0 - TAMPOTISK,TSD-T2-350-3+0 - TAMPOPRINT,59.C545,59C.545.101
IZ59.C546,IZ59.C578,TSD-T2-350-3+0-R - TAMPOTISK,TSD-T2-350-3+0-R - TAMPOPRINT,59.C546,59C.546.101
IZ59.C547,IZ59.C579,TSD-T2-480-3+0 - TAMPOTISK,TSD-T2-480-3+0 - TAMPOPRINT,59.C547,59C.547.101
IZ59.C548,IZ59.C579,TSD-T2-480-3+0-R - TAMPOTISK,TSD-T2-480-3+0-R - TAMPOPRINT,59.C548,59C.548.101
IZ59.C549,IZ59.C580,TSD-T2-550-3+0 - TAMPOTISK,TSD-T2-550-3+0 - TAMPOPRINT,59.C549,59C.549.101
IZ59.C550,IZ59.C580,TSD-T2-550-3+0-R - TAMPOTISK,TSD-T2-550-3+0-R - TAMPOPRINT,59.C550,59C.550.101
IZ59.C551,IZ59.C581,TSD-T2-750-3+0 - TAMPOTISK,TSD-T2-750-3+0 - TAMPOPRINT,59.C551,59C.551.101
IZ59.C552,IZ59.C581,TSD-T2-750-3+0-R - TAMPOTISK,TSD-T2-750-3+0-R - TAMPOPRINT,59.C552,59C.552.101
IZ59.C553,IZ59.C576,TSD-T2-150-4+0 - TAMPOTISK,TSD-T2-150-4+0 - TAMPOPRINT,59.C553,59C.553.101
IZ59.C554,IZ59.C576,TSD-T2-150-4+0-R - TAMPOTISK,TSD-T2-150-4+0-R - TAMPOPRINT,59.C554,59C.554.101
IZ59.C555,IZ59.C577,TSD-T2-300-4+0 - TAMPOTISK,TSD-T2-300-4+0 - TAMPOPRINT,59.C555,59C.555.101
IZ59.C556,IZ59.C577,TSD-T2-300-4+0-R - TAMPOTISK,TSD-T2-300-4+0-R - TAMPOPRINT,59.C556,59C.556.101
IZ59.C557,IZ59.C578,TSD-T2-350-4+0 - TAMPOTISK,TSD-T2-350-4+0 - TAMPOPRINT,59.C557,59C.557.101
IZ59.C558,IZ59.C578,TSD-T2-350-4+0-R - TAMPOTISK,TSD-T2-350-4+0-R - TAMPOPRINT,59.C558,59C.558.101
IZ59.C559,IZ59.C579,TSD-T2-480-4+0 - TAMPOTISK,TSD-T2-480-4+0 - TAMPOPRINT,59.C559,59C.559.101
IZ59.C560,IZ59.C579,TSD-T2-480-4+0-R - TAMPOTISK,TSD-T2-480-4+0-R - TAMPOPRINT,59.C560,59C.560.101
IZ59.C561,IZ59.C580,TSD-T2-550-4+0 - TAMPOTISK,TSD-T2-550-4+0 - TAMPOPRINT,59.C561,59C.561.101
IZ59.C562,IZ59.C580,TSD-T2-550-4+0-R - TAMPOTISK,TSD-T2-550-4+0-R - TAMPOPRINT,59.C562,59C.562.101
IZ59.C563,IZ59.C575,TSD-T2-75-1+1 - TAMPOTISK,TSD-T2-75-1+1 - TAMPOPRINT,59.C563,59C.563.101
IZ59.C564,IZ59.C575,TSD-T2-75-1+1-R - TAMPOTISK,TSD-T2-75-1+1-R - TAMPOPRINT,59.C564,59C.564.101
IZ59.C565,IZ59.C576,TSD-T2-150-1+1 - TAMPOTISK,TSD-T2-150-1+1 - TAMPOPRINT,59.C565,59C.565.101
IZ59.C566,IZ59.C576,TSD-T2-150-1+1-R - TAMPOTISK,TSD-T2-150-1+1-R - TAMPOPRINT,59.C566,59C.566.101
IZ59.C567,IZ59.C577,TSD-T2-300-1+1 - TAMPOTISK,TSD-T2-300-1+1 - TAMPOPRINT,59.C567,59C.567.101
IZ59.C568,IZ59.C577,TSD-T2-300-1+1-R - TAMPOTISK,TSD-T2-300-1+1-R - TAMPOPRINT,59.C568,59C.568.101
IZ59.C569,IZ59.C578,TSD-T2-350-1+1 - TAMPOTISK,TSD-T2-350-1+1 - TAMPOPRINT,59.C569,59C.569.101
IZ59.C570,IZ59.C578,TSD-T2-350-1+1-R - TAMPOTISK,TSD-T2-350-1+1-R - TAMPOPRINT,59.C570,59C.570.101
IZ59.C571,IZ59.C577,TSD-T2-300-3+1 - TAMPOTISK,TSD-T2-300-3+1 - TAMPOPRINT,59.C571,59C.571.101
IZ59.C572,IZ59.C577,TSD-T2-300-3+1-R - TAMPOTISK,TSD-T2-300-3+1-R - TAMPOPRINT,59.C572,59C.572.101
IZ59.C573,IZ59.C578,TSD-T2-350-3+1 - TAMPOTISK,TSD-T2-350-3+1 - TAMPOPRINT,59.C573,59C.573.101
IZ59.C574,IZ59.C578,TSD-T2-350-3+1-R - TAMPOTISK,TSD-T2-350-3+1-R - TAMPOPRINT,59.C574,59C.574.101
IZ59.C575,IZ59.C575,TSD-T2-75-P - TAMPOTISK,TSD-T2-75-P - TAMPOPRINT,59.C575,59C.575.101
IZ59.C576,IZ59.C576,TSD-T2-150-P - TAMPOTISK,TSD-T2-150-P - TAMPOPRINT,59.C576,59C.576.101
IZ59.C577,IZ59.C577,TSD-T2-300-P - TAMPOTISK,TSD-T2-300-P - TAMPOPRINT,59.C577,59C.577.101
IZ59.C578,IZ59.C578,TSD-T2-350-P - TAMPOTISK,TSD-T2-350-P - TAMPOPRINT,59.C578,59C.578.101
IZ59.C579,IZ59.C579,TSD-T2-480-P - TAMPOTISK,TSD-T2-480-P - TAMPOPRINT,59.C579,59C.579.101
IZ59.C580,IZ59.C580,TSD-T2-550-P - TAMPOTISK,TSD-T2-550-P - TAMPOPRINT,59.C580,59C.580.101
IZ59.C581,IZ59.C581,TSD-T2-750-P - TAMPOTISK,TSD-T2-750-P - TAMPOPRINT,59.C581,59C.581.101
IZ59.C582,IZ59.C582,TSD-T2-40-P - TAMPOTISK,TSD-T2-40-P - TAMPOPRINT,59.C582,59C.582.101